Certificate name,Issued on,Expiry,No of Days for expiry
vpn-india.redux.co,2022-12-08 00:00:00,184 days,
jenkins.magento2.fullydev.com,2022-03-17 09:50:42,2022-06-15 09:50:41,8 days
phpmyadmin.rjrcenterport.com,2022-03-25 18:11:13,2022-06-23 18:11:12,16 days
malarkeyroofing.com,2021-05-23 17:22:43,2022-06-24 17:22:43,17 days
mmmagentstore.com,2022-03-28 17:55:07,2022-06-26 17:55:06,19 days
realtyninja.com,2022-03-29 06:10:34,2022-06-27 06:10:33,20 days
jessicaalmeidarealestate.ca,2022-03-29 06:10:34,2022-06-27 06:10:33,20 days
40listings.com,2022-03-29 06:24:18,2022-06-27 06:24:17,20 days
secret.graybox.co,2021-06-03 19:57:05,2022-06-27 21:09:45,20 days
firstnationsinnovations.org,2022-03-29 00:00:00,2022-06-27 23:59:59,20 days
magiccitysystems.com,2022-03-29 00:00:00,2022-06-27 23:59:59,20 days
dev.realtyninja.com,2022-03-30 22:42:42,2022-06-28 22:42:41,21 days
sowandgo.com,2022-03-31 01:11:01,2022-06-29 01:11:00,22 days
blog.sowandgo.com,2022-03-31 01:13:48,2022-06-29 01:13:47,22 days
denor-travel.hr,2022-04-07 06:13:41,2022-07-06 06:13:40,29 days
kralj-ta.hr,2022-04-07 09:03:22,2022-07-06 09:03:21,29 days
colorsofslovenia.si,2022-04-07 10:28:31,2022-07-06 10:28:30,29 days
pfps.org,2022-04-07 18:14:22,2022-07-06 18:14:21,29 days
direct-booker.pl,2022-04-08 09:28:23,2022-07-07 09:28:22,30 days
dev-store.silmarelectronics.com,2022-04-08 10:24:49,2022-07-07 10:24:48,30 days
lavishgardens.com,2021-07-08 00:00:00,2022-07-07 23:59:59,30 days
waitrainer-qa.com,2022-04-10 16:37:27,2022-07-09 16:37:26,32 days
fully-dr-jenkins.fully.com,2022-04-11 14:57:30,2022-07-10 14:57:29,33 days
racenodak.com,2022-04-12 00:00:00,2022-07-11 23:59:59,34 days
shoppingboss.com,2022-04-13 02:23:58,2022-07-12 02:23:57,35 days
hotlineconstructioninc.com,2022-04-13 08:41:33,2022-07-12 08:41:32,35 days
fully-prod-jenkins.fully.com,2022-04-13 11:38:47,2022-07-12 11:38:46,35 days
elkoprint.com,2022-04-14 19:16:34,2022-07-13 19:16:33,36 days
alldayshirts.com,2021-07-14 00:00:00,2022-07-13 23:59:59,36 days
grandbooker.com,2022-04-15 11:39:25,2022-07-14 11:39:24,37 days
pastelerialasalle.com.mx,2022-04-16 23:17:46,2022-07-15 23:17:45,38 days
moksabrewing.com,2021-07-17 00:00:00,2022-07-16 23:59:59,39 days
verusforensic.com,2022-04-18 01:31:16,2022-07-17 01:31:15,40 days
yummsauce.com,2022-04-19 03:10:03,2022-07-18 03:10:02,41 days
dev-store.totalapex.com,2022-04-19 09:49:14,2022-07-18 09:49:13,41 days
customize-dev.rjroberts.com,2022-04-20 03:45:17,2022-07-19 03:45:16,42 days
bakersfieldpest.com,2022-04-20 04:35:43,2022-07-19 04:35:42,42 days
bakersfieldpestcontrol.net,2022-04-20 04:35:49,2022-07-19 04:35:48,42 days
antermite.com,2022-04-20 04:35:49,2022-07-19 04:35:48,42 days
bakersfieldbedbug.com,2022-04-20 04:35:49,2022-07-19 04:35:48,42 days
bakersfieldbestpest.com,2022-04-20 04:35:49,2022-07-19 04:35:48,42 days
bakersfieldpestcontrolinc.com,2022-04-20 04:35:49,2022-07-19 04:35:48,42 days
cult-travel.com,2022-04-20 05:59:11,2022-07-19 05:59:10,42 days
edcoservice.com,2021-07-20 00:00:00,2022-07-19 23:59:59,42 days
mbfapidev.massiveblackforums.com,2021-07-20 00:00:00,2022-07-19 23:59:59,42 days
assets.massiveblackforums.com,2021-07-20 00:00:00,2022-07-19 23:59:59,42 days
beta.massiveblackforums.com,2021-07-20 00:00:00,2022-07-19 23:59:59,42 days
api.massiveblackforums.com,2021-07-20 00:00:00,2022-07-19 23:59:59,42 days
massiveblackforums.com,2021-07-20 00:00:00,2022-07-19 23:59:59,42 days
lmms.io,2022-04-21 19:15:17,2022-07-20 19:15:16,43 days
trentwilliamsconstruction.com,2022-04-23 09:00:18,2022-07-22 09:00:17,45 days
directbooker.it,2021-07-22 00:00:00,2022-07-22 23:59:59,45 days
partners.direct-booker.com,2021-07-22 00:00:00,2022-07-22 23:59:59,45 days
direct-booker.com,2021-07-22 00:00:00,2022-07-22 23:59:59,45 days
islands.direct-booker.com,2021-07-22 00:00:00,2022-07-22 23:59:59,45 days
neum.direct-booker.com,2021-07-22 00:00:00,2022-07-22 23:59:59,45 days
macedonia.direct-booker.com,2021-07-22 00:00:00,2022-07-22 23:59:59,45 days
direct-booker.ba,2021-07-22 00:00:00,2022-07-22 23:59:59,45 days
timeinnportugal.direct-booker.com,2021-07-22 00:00:00,2022-07-22 23:59:59,45 days
directbooker.al,2021-07-22 00:00:00,2022-07-22 23:59:59,45 days
directbooker.ba,2021-07-22 00:00:00,2022-07-22 23:59:59,45 days
enterpristore01.xyz,2022-04-24 19:05:47,2022-07-23 19:05:46,46 days
cloud.verusforensic.com,2022-04-25 01:34:59,2022-07-24 01:34:58,47 days
mallardcreekinc.com,2022-04-25 11:33:00,2022-07-24 11:32:59,47 days
unag.mx,2022-04-25 00:00:00,2022-07-24 23:59:59,47 days
premium-booker.com,2022-04-26 06:03:36,2022-07-25 06:03:35,48 days
rovinjapartments.eu,2022-04-26 06:08:19,2022-07-25 06:08:18,48 days
creepybedbugs.com,2022-04-27 00:45:11,2022-07-26 00:45:10,49 days
easypeezy.mallardcreekinc.com,2022-04-27 00:45:30,2022-07-26 00:45:29,49 days
dev.massiveblack.com,2022-04-27 08:02:53,2022-07-26 08:02:52,49 days
massiveblack.com,2022-04-27 08:10:47,2022-07-26 08:10:46,49 days
fully.com,2021-06-24 16:12:03,2022-07-26 16:12:03,49 days
dbadmin.centraldata.com,2022-04-28 06:56:52,2022-07-27 06:56:51,50 days
portal.aircloudselect.com,2021-07-05 18:01:25,2022-07-27 18:01:25,50 days
tbcorp.com,2022-04-28 00:00:00,2022-07-27 23:59:59,50 days
dbadmin.alscoplastics.com,2022-04-29 14:14:24,2022-07-28 14:14:23,51 days
dbadmin.silmarelectronics.com,2022-04-29 14:15:32,2022-07-28 14:15:31,51 days
dbadmin.okindustrial.com,2022-04-29 14:17:11,2022-07-28 14:17:10,51 days
dbadmin.shop.kuhlman-corp.com,2022-04-29 14:21:14,2022-07-28 14:21:13,51 days
dbadmin.totalapex.com,2022-04-29 14:22:12,2022-07-28 14:22:11,51 days
dbadmin.rubber-inc.com,2022-04-29 14:23:00,2022-07-28 14:22:59,51 days
dbadmin.shop.sunbeltsupply.com,2022-04-29 14:24:18,2022-07-28 14:24:17,51 days
dbadmin.shop.mcgeecompany.com,2022-04-29 14:24:58,2022-07-28 14:24:57,51 days
vmctravelexpress.com,2022-04-29 15:35:20,2022-07-28 15:35:19,51 days
manager.kind.red,2022-04-29 15:35:50,2022-07-28 15:35:49,51 days
dev.alscoplastics.com,2022-04-30 07:09:35,2022-07-29 07:09:34,52 days
dev.rubber-inc.com,2022-04-30 10:10:35,2022-07-29 10:10:34,52 days
dev-store.rmwrightco.com,2022-04-30 10:32:21,2022-07-29 10:32:20,52 days
dev.apcosupply.com,2022-04-30 22:11:12,2022-07-29 22:11:11,52 days
dev.hwcparts.com,2022-04-30 22:11:22,2022-07-29 22:11:21,52 days
dev.michigantemperaturesupply.com,2022-04-30 22:11:33,2022-07-29 22:11:32,52 days
rcpreschool.com,2022-05-01 04:44:37,2022-07-30 04:44:36,53 days
hardmanjohnstonfunds.com,2022-05-01 06:30:12,2022-07-30 06:30:11,53 days
folsomlakehomes.com,2022-05-01 21:33:45,2022-07-30 21:33:44,53 days
magickeyportugal.com,2022-05-02 00:00:00,2022-07-31 23:59:59,54 days
craftup.io,2022-05-03 14:13:59,2022-08-01 14:13:58,55 days
cods.colomaresort.com,2022-05-03 14:14:04,2022-08-01 14:14:03,55 days
minotaerocenter.com,2022-05-03 00:00:00,2022-08-01 23:59:59,55 days
support.networkredux.com,2022-05-05 23:41:45,2022-08-03 23:41:44,57 days
rovinj-accommodation.com,2022-05-05 00:00:00,2022-08-03 23:59:59,57 days
dev-shop.kuhlman-corp.com,2022-05-06 03:46:02,2022-08-04 03:46:01,58 days
pennsylvaniacpace.org,2022-05-06 16:03:08,2022-08-04 16:03:07,58 days
energypath.org,2022-05-06 17:27:24,2022-08-04 17:27:23,58 days
customize.logoup.com,2022-05-07 15:35:14,2022-08-05 15:35:13,59 days
my.rjroberts.com,2022-05-07 15:35:23,2022-08-05 15:35:22,59 days
uaolr.org,2022-05-07 20:03:33,2022-08-05 20:03:32,59 days
pacpacecounties.org,2022-05-07 20:35:22,2022-08-05 20:35:21,59 days
dev-shopautosock.mcgeecompany.com,2022-05-08 06:00:13,2022-08-06 06:00:12,60 days
dev-store.mcgeecompany.com,2022-05-08 06:00:22,2022-08-06 06:00:21,60 days
secure.verusforensic.com,2022-05-09 01:34:44,2022-08-07 01:34:43,61 days
zaharko.com,2022-05-10 06:45:00,2022-08-08 06:44:59,62 days
customize-dev.logoup.com,2022-05-11 03:38:28,2022-08-09 03:38:27,63 days
atpdmdev.com,2022-05-11 13:14:46,2022-08-09 13:14:45,63 days
dev.okindustrial.com,2022-05-11 19:07:06,2022-08-09 19:07:05,63 days
pepperbookings.com,2022-05-11 00:00:00,2022-08-09 23:59:59,63 days
dougveerkamp.com,2022-05-13 00:32:23,2022-08-11 00:32:22,65 days
accommodation-dalmatia.hr,2022-05-13 00:00:00,2022-08-11 23:59:59,65 days
timeless-rides.com,2022-05-14 10:12:15,2022-08-12 10:12:14,66 days
eagleconstruction.biz,2022-05-14 19:32:05,2022-08-12 19:32:04,66 days
moochofoods.com,2022-05-17 06:17:40,2022-08-15 06:17:39,69 days
devopstools.newseasonsmarket.com,2022-05-17 07:45:31,2022-08-15 07:45:30,69 days
dev.qualitysupplyandtool.com,2022-05-18 21:30:41,2022-08-16 21:30:40,70 days
manage-dev.logoup.com,2022-05-19 00:53:27,2022-08-17 00:53:26,71 days
www2.colomaresort.com,2022-05-19 12:43:42,2022-08-17 12:43:41,71 days
colomaresort.com,2022-05-19 12:43:42,2022-08-17 12:43:41,71 days
directbooker.pl,2022-05-20 00:00:00,2022-08-18 23:59:59,72 days
tourist-crikvenica.com,2022-05-20 00:00:00,2022-08-18 23:59:59,72 days
direct-booker.al,2022-05-20 00:00:00,2022-08-18 23:59:59,72 days
direct-booker.it,2022-05-20 00:00:00,2022-08-18 23:59:59,72 days
direct-booker.hr,2022-05-20 00:00:00,2022-08-18 23:59:59,72 days
waitrainer.com,2020-08-18 02:19:25,2022-08-19 02:19:25,73 days
nicholscontrols.com,2022-05-21 09:24:16,2022-08-19 09:24:15,73 days
customize.rjroberts.com,2022-05-22 15:28:20,2022-08-20 15:28:19,74 days
edlawcenter.org,2022-05-25 01:50:12,2022-08-23 01:50:11,77 days
beelovefarms.com,2022-05-25 08:11:08,2022-08-23 08:11:07,77 days
redeem.future-beat.com,2022-05-26 01:21:17,2022-08-24 01:21:16,78 days
proof.logoup.com,2022-05-27 03:47:04,2022-08-25 03:47:03,79 days
rhmedicine.com,2022-05-27 13:08:45,2022-08-25 13:08:44,79 days
whitneyranchhoa.com,2022-05-27 13:36:27,2022-08-25 13:36:26,79 days
tvc.mycasinotrips.com,2022-05-27 14:32:15,2022-08-25 14:32:14,79 days
mycasinotrips.com,2022-05-27 14:32:21,2022-08-25 14:32:20,79 days
tvcdev.mycasinotrips.com,2022-05-27 14:32:28,2022-08-25 14:32:27,79 days
api.mycasinotrips.com,2022-05-27 14:32:39,2022-08-25 14:32:38,79 days
villamore.co.uk,2022-05-27 00:00:00,2022-08-25 23:59:59,79 days
villamore.co.uk,2022-05-27 00:00:00,2022-08-25 23:59:59,79 days
g4media.com,2022-05-28 14:47:20,2022-08-26 14:47:19,80 days
palosverdespropertiesinc.com,2022-05-28 14:47:34,2022-08-26 14:47:33,80 days
zombieplaygroundgame.com,2022-05-28 14:48:12,2022-08-26 14:48:11,80 days
nikevision.com,2021-07-26 00:00:00,2022-08-26 23:59:59,80 days
moksabeta.greyskymedia.com,2022-05-29 00:14:23,2022-08-27 00:14:22,81 days
coloma.greyskymedia.com,2022-05-29 00:14:46,2022-08-27 00:14:45,81 days
hardrecipes.com,2022-05-29 00:15:12,2022-08-27 00:15:11,81 days
moksa.dev,2022-05-29 00:15:36,2022-08-27 00:15:35,81 days
taurusfab.com,2022-05-29 05:50:34,2022-08-27 05:50:33,81 days
kind.red,2022-05-29 13:49:03,2022-08-27 13:49:02,81 days
assets.alldayshirts.com,2021-08-28 00:00:00,2022-08-27 23:59:59,81 days
stafftesting.com,2022-05-30 01:51:00,2022-08-28 01:50:59,82 days
vanguardmotorsales.com,2022-05-31 05:23:30,2022-08-29 05:23:29,83 days
dbadmin.store.rmwrightco.com,2022-05-31 23:02:50,2022-08-29 23:02:49,83 days
dbadmin.qualitysupplyandtool.com,2022-05-31 23:06:10,2022-08-29 23:06:09,83 days
dbadmin.apcosupply.com,2022-05-31 23:07:05,2022-08-29 23:07:04,83 days
examinejobs.com,2022-06-01 21:15:59,2022-08-30 21:15:58,84 days
pdm.greyskymedia.com,2022-06-02 08:39:47,2022-08-31 08:39:46,85 days
devshop.sunbeltsupply.com,2022-06-02 14:40:22,2022-08-31 14:40:21,85 days
graybox.co,2022-06-02 16:45:19,2022-08-31 16:45:18,85 days
croatiaholidayvilla.com,2022-06-02 00:00:00,2022-08-31 23:59:59,85 days
streetsideclassics.com,2022-06-03 10:04:57,2022-09-01 10:04:56,86 days
bcmconstruction.com,2022-06-03 23:02:20,2022-09-01 23:02:19,86 days
wbnglobal.net,2022-06-05 02:26:35,2022-09-03 02:26:34,88 days
my.logoup.com,2022-06-05 15:15:33,2022-09-03 15:15:32,88 days
assets.logoup.com,2022-06-06 03:40:40,2022-09-04 03:40:39,89 days
mgt-elk.32auctions.com,2022-06-06 07:44:46,2022-09-04 07:44:45,89 days
edfunders.org,2022-06-07 05:24:03,2022-09-05 05:24:02,90 days
appdocs.greyskymedia.com,2021-09-08 00:00:00,2022-09-07 23:59:59,92 days
greyskymedia.com,2021-09-08 00:00:00,2022-09-07 23:59:59,92 days
gsm1.greyskymedia.com,2021-09-08 00:00:00,2022-09-07 23:59:59,92 days
gsm.greyskymedia.com,2021-09-08 00:00:00,2022-09-07 23:59:59,92 days
aircloud-tap.hitachiaircon.com,2022-03-24 18:48:48,2022-09-23 09:43:24,108 days
fully.eu,2021-10-12 00:00:00,2022-10-11 23:59:59,126 days
ergodepot.com,2021-11-10 00:00:00,2022-11-09 23:59:59,155 days
thelifestory.org,2021-11-10 00:00:00,2022-11-19 23:59:59,165 days
aircloudhome.com,2021-10-24 00:00:00,2022-11-21 23:59:59,167 days
aircloudpro.hitachiaircon.com,2022-05-25 22:31:18,2022-11-24 13:25:54,170 days
styteksystems.com,2021-11-27 00:00:00,2022-11-26 23:59:59,172 days
stytek.com,2021-11-27 00:00:00,2022-11-26 23:59:59,172 days
thegbi.org,2021-11-02 04:36:04,2022-12-03 04:36:04,179 days
gradoconstruction.com,2021-12-06 00:00:00,2022-12-05 23:59:59,181 days
degcomp.com,2021-12-06 00:00:00,2022-12-05 23:59:59,181 days
shelfwiz.com,2021-12-07 00:00:00,2022-12-06 23:59:59,182 days
massiveblackworkshop.com,2021-12-07 00:00:00,2022-12-06 23:59:59,182 days
jenkins.nextreason.cloud,2021-11-28 00:00:00,2022-12-26 23:59:59,202 days
appapi.pdmsteel.com,2022-01-06 00:00:00,2023-01-06 23:59:59,213 days
app.pdmsteel.com,2022-01-06 00:00:00,2023-01-06 23:59:59,213 days
investvoyager.com,2021-12-11 00:00:00,2023-01-11 23:59:59,218 days
pms.phobs.net,2021-12-18 00:00:00,2023-01-15 23:59:59,222 days
phobs.net,2022-01-03 00:00:00,2023-02-01 23:59:59,239 days
workrides.org,2022-01-14 00:00:00,2023-02-12 23:59:59,250 days
pdxcitysync.org,2022-02-23 00:00:00,2023-02-23 23:59:59,261 days
gitlab.phobs.net,2022-01-28 06:40:21,2023-03-01 06:40:21,267 days
devopstools.phobs.net,2022-01-28 23:36:12,2023-03-01 23:36:12,267 days
stage.dacast.com,2022-02-02 00:00:00,2023-03-02 23:59:59,268 days
api.booker-tools.com,2022-01-31 00:00:00,2023-03-02 23:59:59,268 days
booker-tools.com,2022-01-31 00:00:00,2023-03-02 23:59:59,268 days
dev.dacast.com,2022-02-02 00:00:00,2023-03-02 23:59:59,268 days
myfarmparts.com,2022-03-09 00:00:00,2023-03-09 23:59:59,275 days
cattlekate.com,2022-03-11 00:00:00,2023-03-17 23:59:59,283 days
assets.mbf.dev,2022-03-20 00:00:00,2023-03-20 23:59:59,286 days
mbf.dev,2022-03-20 00:00:00,2023-03-20 23:59:59,286 days
hq.wbnglobal.com,2022-03-23 00:00:00,2023-03-23 23:59:59,289 days
wbnglobal.com,2022-03-23 00:00:00,2023-03-23 23:59:59,289 days
dev.wbnglobal.com,2022-03-23 00:00:00,2023-03-23 23:59:59,289 days
old.wbnglobal.com,2022-03-23 00:00:00,2023-03-23 23:59:59,289 days
quavered.com,2022-02-23 06:08:38,2023-03-27 06:08:38,293 days
sarisconstruction.com,2022-03-27 00:00:00,2023-03-27 23:59:59,293 days
checkin.acumed.net,2022-04-11 00:00:00,2023-04-16 23:59:59,313 days
agents.acumed.net,2022-04-11 00:00:00,2023-04-16 23:59:59,313 days
elbow-china.acumed.net,2022-04-11 00:00:00,2023-04-16 23:59:59,313 days
go.acumed.net,2022-04-11 00:00:00,2023-04-16 23:59:59,313 days
catalog.acumed.net,2022-04-11 00:00:00,2023-04-16 23:59:59,313 days
info.acumed.net,2022-04-11 00:00:00,2023-04-16 23:59:59,313 days
sonneich.com,2022-04-16 00:00:00,2023-04-16 23:59:59,313 days
content.acumed.net,2022-04-11 00:00:00,2023-04-16 23:59:59,313 days
acutrak-advantage.acumed.net,2022-04-11 00:00:00,2023-04-16 23:59:59,313 days
at2education.acumed.net,2022-04-11 00:00:00,2023-04-16 23:59:59,313 days
gsm.acumed.net,2022-04-11 00:00:00,2023-04-16 23:59:59,313 days
ads.acumed.net,2022-04-11 00:00:00,2023-04-16 23:59:59,313 days
elite.acumed.net,2022-04-11 00:00:00,2023-04-16 23:59:59,313 days
credo.acumed.net,2022-04-11 00:00:00,2023-04-16 23:59:59,313 days
blog-prod.cryptotrading-tech.com,2022-03-16 18:54:30,2023-04-17 18:54:29,314 days
dacast.com,2022-03-29 00:00:00,2023-04-27 23:59:59,324 days
dev.uptics.io,2022-05-06 00:00:00,2023-05-06 23:59:59,333 days
uptics.io,2022-05-06 00:00:00,2023-05-06 23:59:59,333 days
unfollowed.me,2022-04-05 14:26:39,2023-05-07 14:26:38,334 days
whitneyoaks.net,2022-05-11 00:00:00,2023-05-10 23:59:59,337 days
whitneyoaks.org,2022-05-11 00:00:00,2023-05-10 23:59:59,337 days
app.appdocs.io,2022-05-11 00:00:00,2023-05-11 23:59:59,338 days
polumathes.com,2022-05-11 00:00:00,2023-05-11 23:59:59,338 days
manager.appdocs.io,2022-05-11 00:00:00,2023-05-11 23:59:59,338 days
appdocs.io,2022-05-11 00:00:00,2023-05-11 23:59:59,338 days
agency.us.com,2022-05-11 00:00:00,2023-05-11 23:59:59,338 days
assigncustomers.com,2022-05-12 00:00:00,2023-05-12 23:59:59,339 days
dev.verusforensic.com,2022-05-14 00:00:00,2023-05-14 23:59:59,341 days
api-global-prod.aircloudhome.com,2022-05-20 00:00:00,2023-05-21 23:59:59,348 days
googlesmarthome-prod-global.aircloudhome.com,2022-05-20 00:00:00,2023-05-21 23:59:59,348 days
notification-global-prod.aircloudhome.com,2022-05-20 00:00:00,2023-05-21 23:59:59,348 days
oauth2-global-prod.aircloudhome.com,2022-05-20 00:00:00,2023-05-21 23:59:59,348 days
ota-scheduler-global-prod.aircloudhome.com,2022-05-20 00:00:00,2023-05-21 23:59:59,348 days
api.aircloudhome.com,2022-05-20 00:00:00,2023-05-21 23:59:59,348 days
notifications.aircloudhome.com,2022-05-20 00:00:00,2023-05-21 23:59:59,348 days
oauth2.aircloudhome.com,2022-05-20 00:00:00,2023-05-21 23:59:59,348 days
aircloudpro-vcc.aircloud.app,2022-05-20 00:00:00,2023-05-21 23:59:59,348 days
networkredux.com,2022-05-24 00:00:00,2023-05-24 23:59:59,351 days
swe.greyskymedia.dev,2022-06-03 00:00:00,2023-06-02 23:59:59,360 days
craftup.greyskymedia.dev,2022-06-03 00:00:00,2023-06-02 23:59:59,360 days
greyskymedia.dev,2022-06-03 00:00:00,2023-06-02 23:59:59,360 days
dsfdemo.originalimpressions.com,2022-05-17 00:00:00,2023-06-17 23:59:59,375 days
hsportal.originalimpressions.com,2022-05-17 00:00:00,2023-06-17 23:59:59,375 days
api.investvoyager.com,2022-05-17 15:27:32,2023-06-18 15:27:31,376 days
motorious.com,2022-05-23 00:00:00,2023-06-22 23:59:59,380 days
newseasonsmarket.com,2022-06-01 00:00:00,2023-07-02 23:59:59,390 days
vpn.tryminded.com,2023-01-12 00:00:00,219 days,
vpn.joincalibrate.com,2023-02-19 00:00:00,257 days,
openvpn.avantassessment.com,2023-06-26 00:00:00,384 days,
vpn.nextreason.cloud,2023-07-03 00:00:00,391 days,
vpn.gbdev.co,2022-07-17 00:00:00,40 days,
vpn.eeschenck.com,2022-06-14 00:00:00,7 days,
